{
  "metrics": {
    "mae_per_target": {
      "Cl": 0.02157732844352722,
      "Cd": 0.0013419374590739608,
      "Cdp": 0.0013521368382498622,
      "Cm": 0.0023630859795957804
    },
    "rmse_per_target": {
      "Cl": 0.03307000547647476,
      "Cd": 0.003105344483628869,
      "Cdp": 0.0031287013553082943,
      "Cm": 0.003639597212895751
    },
    "r2_per_target": {
      "Cl": 0.9980431795120239,
      "Cd": 0.988430380821228,
      "Cdp": 0.9883058071136475,
      "Cm": 0.9903029203414917
    },
    "overall_mae": 0.006658622063696384,
    "overall_rmse": 0.010735912248492241,
    "overall_r2": 0.9979955554008484
  },
  "verdict": {
    "adequate": true,
    "fail_reasons": [],
    "thresholds": {
      "min_r2_overall": 0.97,
      "max_mae_overall": 0.035,
      "per_target_min_r2": {
        "Cl": 0.98,
        "Cd": 0.7,
        "Cdp": 0.7,
        "Cm": 0.6
      }
    }
  }
}